id;apellido;fechaHora
CITA-088;Naranjo;2025-03-01T14:16
CITA-006;Castillo;2025-03-01T16:12
CITA-094;Chavez;2025-03-02T08:37
CITA-029;Cabrera;2025-03-02T13:25
CITA-019;Jaramillo;2025-03-03T08:42
CITA-038;Acosta;2025-03-03T08:55
CITA-085;Garcia;2025-03-03T11:10
CITA-030;Izquierdo;2025-03-03T11:58
CITA-070;Chavez;2025-03-03T16:15
CITA-016;Naranjo;2025-03-03T16:18
CITA-076;Cedeño;2025-03-15T08:43
CITA-012;Chavez;2025-03-04T09:24
CITA-079;Paez;2025-03-04T11:12
CITA-054;Garcia;2025-03-04T13:56
CITA-003;Vera;2025-03-04T16:05
CITA-039;Mendoza;2025-03-05T10:50
CITA-034;Izquierdo;2025-03-05T11:47
CITA-011;Izquierdo;2025-03-05T11:48
CITA-059;Vargas;2025-03-05T15:35
CITA-072;Morales;2025-03-05T17:36
CITA-097;Paez;2025-03-06T09:38
CITA-081;Cedeño;2025-03-06T12:29
CITA-010;Suarez;2025-03-06T14:21
CITA-046;Cedeño;2025-03-06T15:00
CITA-026;Rios;2025-03-06T15:24
CITA-025;Valencia;2025-03-06T16:46
CITA-058;Silva;2025-03-25T16:49
CITA-092;Beltran;2025-03-07T08:37
CITA-074;Cedeño;2025-03-07T09:06
CITA-005;Silva;2025-03-07T11:32
CITA-067;Espinosa;2025-03-08T08:04
CITA-065;Rios;2025-03-08T09:21
CITA-021;Paez;2025-03-08T09:24
CITA-045;Valencia;2025-03-11T09:18
CITA-002;Izquierdo;2025-03-08T11:08
CITA-073;Acosta;2025-03-08T15:51
CITA-056;Romero;2025-03-08T17:05
CITA-042;Flores;2025-03-09T16:55
CITA-060;Castro;2025-03-09T16:55
CITA-028;Reyes;2025-03-11T08:14
CITA-037;Guerrero;2025-03-08T10:32
CITA-051;Vargas;2025-03-12T10:34
CITA-023;Guerrero;2025-03-12T11:42
CITA-013;Mendoza;2025-03-12T13:38
CITA-018;Paez;2025-03-12T17:12
CITA-087;Paez;2025-03-13T08:10
CITA-063;Beltran;2025-03-13T13:28
CITA-041;Naranjo;2025-03-13T17:29
CITA-004;Espinosa;2025-03-14T08:01
CITA-061;Castillo;2025-03-14T11:59
CITA-075;Reyes;2025-03-14T13:27
CITA-040;Reyes;2025-03-14T17:04
CITA-036;Espinosa;2025-03-14T17:25
CITA-001;Valencia;2025-03-04T08:47
CITA-022;Izquierdo;2025-03-15T13:10
CITA-008;Rios;2025-03-15T17:17
CITA-091;Jaramillo;2025-03-16T10:12
CITA-032;Valencia;2025-03-16T14:56
CITA-086;Cedeño;2025-03-16T15:13
CITA-064;Leon;2025-03-17T15:07
CITA-095;Acosta;2025-03-17T16:10
CITA-050;Valencia;2025-03-17T17:12
CITA-093;Vera;2025-03-18T08:47
CITA-015;Ortega;2025-03-18T09:59
CITA-035;Morales;2025-03-18T12:47
CITA-044;Leon;2025-03-18T12:49
CITA-033;Vega;2025-03-21T15:09
CITA-066;Garcia;2025-03-19T16:14
CITA-100;Espinosa;2025-03-20T08:39
CITA-053;Garcia;2025-03-20T13:31
CITA-068;Jaramillo;2025-03-21T08:14
CITA-077;Valencia;2025-03-21T09:03
CITA-080;Perez;2025-03-18T15:08
CITA-007;Jaramillo;2025-03-21T16:26
CITA-020;Rios;2025-03-25T12:05
CITA-017;Cabrera;2025-03-21T17:56
CITA-043;Garcia;2025-03-22T09:43
CITA-098;Silva;2025-03-22T11:25
CITA-071;Izquierdo;2025-03-22T15:13
CITA-024;Izquierdo;2025-03-23T09:38
CITA-090;Cedeño;2025-03-23T16:42
CITA-078;Naranjo;2025-03-24T13:51
CITA-057;Silva;2025-03-24T15:52
CITA-062;Morales;2025-03-25T11:45
CITA-084;Romero;2025-03-21T16:53
CITA-048;Torres;2025-03-06T16:58
CITA-014;Izquierdo;2025-03-26T08:46
CITA-055;Cabrera;2025-03-26T12:15
CITA-089;Vega;2025-03-26T15:18
CITA-009;Suarez;2025-03-28T08:48
CITA-082;Rios;2025-03-28T09:28
CITA-049;Mendoza;2025-03-28T12:53
CITA-083;Suarez;2025-03-28T16:06
CITA-069;Silva;2025-03-29T08:55
CITA-047;Vera;2025-03-29T12:32
CITA-031;Espinosa;2025-03-29T13:13
CITA-027;Izquierdo;2025-03-30T16:14
CITA-052;Torres;2025-03-30T16:58
CITA-096;Romero;2025-03-31T16:05
CITA-099;Mendoza;2025-03-31T17:15
